{
  "session_metadata": {
    "timestamp": "2025-09-28 13:14:08",
    "session_duration_seconds": 62.711088,
    "voice_model": "marin",
    "interview_mode": true,
    "total_exchanges": 6
  },
  "performance_metrics": {
    "latency": {
      "average_response_time_seconds": 1.3,
      "total_responses": 8
    },
    "audio_metrics": {
      "input_chunks_sent": 2610,
      "output_chunks_received": 89,
      "total_input_bytes": 2672640,
      "total_output_bytes": 1015200
    }
  },
  "raw_metrics": {
    "response_times": [
      1.5795130729675293,
      1.4270970821380615,
      1.497981071472168,
      0.6151919364929199,
      1.5407180786132812,
      0.27376508712768555,
      1.8756020069122314,
      1.5535740852355957
    ],
    "audio_chunks_sent": 2610,
    "audio_chunks_received": 89,
    "total_audio_input_bytes": 2672640,
    "total_audio_output_bytes": 1015200,
    "connection_errors": 0,
    "transcription_errors": 0
  }
}